"0","# Define the matrixes"
"0","#X <- as.matrix(Prostate[,-ncol(Prostate)])"
"0","Y <- Prostate$lpsa"
"0",""
"0","n <- nrow(Prostate)"
"0","error <- numeric(n)"
"0",""
"0","for(i in 1:n){"
"0","  # Subset is directly available in the lm() function "
"0","  tmp.fw <- lm(formula(prostate.fw), data = Prostate, subset = -i)"
"0","  prediction <- predict(tmp.fw, newdata=data.frame(Prostate[i,]))"
"0","  error[i] <- prediction - Y[i]"
"0","}"
"0",""
"0","print(mean(error^2))"
"1","[1]"
"1"," 0.5430164"
"1","
"
