"0","# Define the matrixes"
"0","X <- as.matrix(Prostate[,-ncol(Prostate)])"
"0","Y <- Prostate$lpsa"
"0",""
"0","# Leave one out cross validation for a fixes lambda"
"0",""
"0","leave_one_out_CV <- function(lambda){"
"0","  n <- nrow(X)"
"0","  p <- ncol(X) # Just FYI"
"0","  "
"0","  errors <- numeric(n) # Numerical vector of size n, one for each ""left out"" variable "
"0","  "
"0","  for (i in 1:n){"
"0","    # Create a temporary matrix/response vector without the ith row"
"0","    tmpX <- X[-i,]"
"0","    tmpY <- Y[-i]"
"0","    "
"0","    "
"0","    # We do the same prediction as above with a fixed lambda with n-1 observation"
"0","    prostate.lasso <- glmnet(tmpX, tmpY, lambda = lambda)"
"0","    "
"0","    # Then we predict the value with the fitted model for the missing observation i"
"0","    prediction <- predict(prostate.lasso, newx = X[i, , drop=FALSE], s=lambda, type=""link"")"
"0","      #type: Type of prediction required. Type ""link"" gives the linear predictors for ""binomial"" or ""multinomial"" models"
"0","      #drop=FALSE: trick to avoid automatic conversion in vector or other datastructure of 1D data when we need a dataframe or a matrix"
"0","    "
"0","    # Calculate the error (difference between predicted and real value for i) and store it"
"0","    errors[i] <- prediction - Y[i]"
"0","  }"
"0","  # Calculate and return the mean squared error"
"0","  return(mean(errors**2))"
"0","}"
"0",""
"0","# We then do the cross validation with the built-in function with a fixed lambda"
"0","# We do a k-fold cross validation with 'nrow'  folds which is similar than doing a LOOCV"
"0","# ?cv.glmnet -> parameter lambda has to be a sequence"
"0",""
"0","rloocv <- cv.glmnet(X,Y, lambda = c(10, 0.19), nfolds = nrow(Prostate), grouped=F)"
"0",""
"0",""
"0",""
"0",""
"0",""
