{"chunk_definitions":[{"chunk_id":"csetup_chunk","chunk_label":"setup","document_id":"2A0E2F28","expansion_state":0,"options":{"engine":"r","include":false,"label":"setup"},"row":7,"row_count":1,"visible":true},{"chunk_id":"cr72eby6s051o","chunk_label":"unnamed-chunk-1","document_id":"2A0E2F28","expansion_state":0,"options":{"engine":"r","label":"unnamed-chunk-17"},"row":36,"row_count":1,"visible":true},{"chunk_id":"cm71cw9pebzro","chunk_label":"unnamed-chunk-2","document_id":"2A0E2F28","expansion_state":0,"options":{"engine":"r","label":"unnamed-chunk-5"},"row":50,"row_count":1,"visible":true},{"chunk_id":"cyxm43npnx6jw","chunk_label":"unnamed-chunk-3","document_id":"2A0E2F28","expansion_state":0,"options":{"engine":"r","label":"unnamed-chunk-8"},"row":57,"row_count":1,"visible":true},{"chunk_id":"cu4c6ffoi03m3","chunk_label":"unnamed-chunk-4","document_id":"2A0E2F28","expansion_state":0,"options":{"engine":"r","label":"unnamed-chunk-16"},"row":63,"row_count":1,"visible":true},{"chunk_id":"cs11h6fvmxpzj","chunk_label":"unnamed-chunk-5","document_id":"2A0E2F28","expansion_state":0,"options":{"engine":"r","label":"unnamed-chunk-15"},"row":77,"row_count":1,"visible":true},{"chunk_id":"c8hc8atw1on8u","chunk_label":"unnamed-chunk-6","document_id":"2A0E2F28","expansion_state":0,"options":{"engine":"r","label":"unnamed-chunk-21"},"row":143,"row_count":1,"visible":true},{"chunk_id":"cmjz7l718pee4","chunk_label":"unnamed-chunk-7","document_id":"2A0E2F28","expansion_state":0,"options":{"engine":"r","label":"unnamed-chunk-22"},"row":149,"row_count":1,"visible":true},{"chunk_id":"c908wb6174qts","chunk_label":"unnamed-chunk-8","document_id":"2A0E2F28","expansion_state":0,"options":{"engine":"r","label":"unnamed-chunk-23"},"row":156,"row_count":1,"visible":true}],"chunk_rendered_width":700,"doc_write_time":1588001000}